{
  "name": "ep2e",
  "title": "Eclipse Phase 2e",
  "description": "Eclipse Phase 2e Game System.",
  "version": 0.6499,
  "author": "Bubz",
  "esmodules": [
    "./build/_dist_/index.js"
  ],
  "styles": [
    "./build/_dist_/global.css"
  ],
  "compatibleCoreVersion": "0.7.7",
  "gridDistance": 1,
  "gridUnits": "m",
  "minimumCoreVersion": "0.7.7",
  "socket": true,
  "manifest": "https://raw.githubusercontent.com/Bubz43/ep2e/master/system.json",
  "download": "https://github.com/Bubz43/ep2e/raw/master/latest.zip",
  "url": "https://github.com/Bubz43/ep2e",
  "languages": [
    {
      "lang": "en",
      "name": "English",
      "path": "lang/en.json"
    }
  ],
  "packs": [
    {
      "name": "traits",
      "system": "ep2e",
      "label": "Traits",
      "path": "./packs/traits.db",
      "entity": "Item"
    },
    {
      "name": "armor",
      "system": "ep2e",
      "label": "Armor",
      "path": "./packs/armor.db",
      "entity": "Item"
    },
    {
      "name": "disorders",
      "system": "ep2e",
      "label": "Disorders",
      "path": "./packs/disorders.db",
      "entity": "Item"
    },
    {
      "name": "weapon-accessories",
      "system": "ep2e",
      "label": "Weapon Accessories",
      "path": "./packs/weapon-accessories.db",
      "entity": "JournalEntry"
    }
  ]
}